mentor_material,sha256,canonical_match_count,canonical_source_paths,parity
G01_A.pdf,fd571fdd5948dc51988e28973799013eabda4fa61d4773b0c22ae3462b8d6982,1,/mnt/data/mentor_rc7/registry_current_extract/G01_DATA_EXCEL_CANONICAL_GATE_FAMILY_MODULE_FREEZE_QA_PASS/G01_DATA_EXCEL_CANONICAL_GATE_FAMILY_MODULE_FREEZE_QA_PASS/01_GATE_A/G01_GATE_A_CANONICAL_GATE_FAMILY.pdf,PASS
G01_B.pdf,3abcfe896046ffd52304629d855de711038ac8ffa590c37b80835e6c851059bf,1,/mnt/data/mentor_rc7/registry_current_extract/G01_DATA_EXCEL_CANONICAL_GATE_FAMILY_MODULE_FREEZE_QA_PASS/G01_DATA_EXCEL_CANONICAL_GATE_FAMILY_MODULE_FREEZE_QA_PASS/03_GATE_B_SEALED/G01_GATE_B_CANONICAL_GATE_FAMILY.pdf,PASS
G01_C.pdf,395ad91a7d9e47e12f121a861c0103062f206ae54ddde1c55df9bddda1a4a540,1,/mnt/data/mentor_rc7/registry_current_extract/G01_DATA_EXCEL_CANONICAL_GATE_FAMILY_MODULE_FREEZE_QA_PASS/G01_DATA_EXCEL_CANONICAL_GATE_FAMILY_MODULE_FREEZE_QA_PASS/05_GATE_C_SEALED/G01_GATE_C_CANONICAL_GATE_FAMILY.pdf,PASS
G01_EVIDENCE.pdf,c1bd170a8ab898ffa8d8c44763b143207f6c873c90319fda70b0e5be0c5810c3,1,/mnt/data/mentor_rc7/registry_current_extract/G01_DATA_EXCEL_CANONICAL_GATE_FAMILY_MODULE_FREEZE_QA_PASS/G01_DATA_EXCEL_CANONICAL_GATE_FAMILY_MODULE_FREEZE_QA_PASS/07_EVIDENCE_RECORD/G01_GATE_EVIDENCE_AND_HISTORY_RECORD.pdf,PASS
G01_REVIEW_A.pdf,f4130fbdb9f83d0a4533d690d521b3689eb2eb11724e17882f245a6df30dd0b5,1,/mnt/data/mentor_rc7/registry_current_extract/G01_DATA_EXCEL_CANONICAL_GATE_FAMILY_MODULE_FREEZE_QA_PASS/G01_DATA_EXCEL_CANONICAL_GATE_FAMILY_MODULE_FREEZE_QA_PASS/02_REVIEW_A_PROTECTED/G01_REVIEW_A_PROTECTED_AND_TARGETED_REPAIR.pdf,PASS
G01_REVIEW_B.pdf,3a31133485e81574faffd42bd02d648faee1ca8dcaba85b75d975ce31cfc2958,1,/mnt/data/mentor_rc7/registry_current_extract/G01_DATA_EXCEL_CANONICAL_GATE_FAMILY_MODULE_FREEZE_QA_PASS/G01_DATA_EXCEL_CANONICAL_GATE_FAMILY_MODULE_FREEZE_QA_PASS/04_REVIEW_B_PROTECTED/G01_REVIEW_B_PROTECTED_AND_TARGETED_REPAIR.pdf,PASS
G01_REVIEW_C.pdf,6b66e67533d1bf445e66bc5e6d78dcfa0887413bd7dfbfeb901346930000b597,1,/mnt/data/mentor_rc7/registry_current_extract/G01_DATA_EXCEL_CANONICAL_GATE_FAMILY_MODULE_FREEZE_QA_PASS/G01_DATA_EXCEL_CANONICAL_GATE_FAMILY_MODULE_FREEZE_QA_PASS/06_REVIEW_C_PROTECTED/G01_REVIEW_C_PROTECTED_AND_TARGETED_REPAIR.pdf,PASS
G02_A.pdf,db862f9f8b30b7221cfd295ebde5d3c5153ae9c554b3b021b8a8af4079c5cf0b,1,/mnt/data/mentor_rc7/registry_current_extract/G02_SQL_POSTGRESQL_CANONICAL_GATE_FAMILY_MODULE_FREEZE_QA_PASS/G02_SQL_POSTGRESQL_CANONICAL_GATE_FAMILY_MODULE_FREEZE_QA_PASS/01_GATE_A/G02_GATE_A_CANONICAL_GATE_FAMILY.pdf,PASS
G02_B.pdf,aeaaeb60a8b34b4cc3dc6ded2e343daeef7b916915bf0c05ed3ac1c3b2ce89fd,1,/mnt/data/mentor_rc7/registry_current_extract/G02_SQL_POSTGRESQL_CANONICAL_GATE_FAMILY_MODULE_FREEZE_QA_PASS/G02_SQL_POSTGRESQL_CANONICAL_GATE_FAMILY_MODULE_FREEZE_QA_PASS/03_GATE_B_SEALED/G02_GATE_B_CANONICAL_GATE_FAMILY.pdf,PASS
G02_C.pdf,b2f9d31eaae70600c4caa96cbfa43050c6e24dac7583633988be71237ba733db,1,/mnt/data/mentor_rc7/registry_current_extract/G02_SQL_POSTGRESQL_CANONICAL_GATE_FAMILY_MODULE_FREEZE_QA_PASS/G02_SQL_POSTGRESQL_CANONICAL_GATE_FAMILY_MODULE_FREEZE_QA_PASS/05_GATE_C_SEALED/G02_GATE_C_CANONICAL_GATE_FAMILY.pdf,PASS
G02_EVIDENCE.pdf,b2ddd1e6ec0b34d29c87021c802fb4e0fa0c270920ff8f7f0f8fb37bf60fbec8,1,/mnt/data/mentor_rc7/registry_current_extract/G02_SQL_POSTGRESQL_CANONICAL_GATE_FAMILY_MODULE_FREEZE_QA_PASS/G02_SQL_POSTGRESQL_CANONICAL_GATE_FAMILY_MODULE_FREEZE_QA_PASS/07_EVIDENCE_RECORD/G02_GATE_EVIDENCE_AND_HISTORY_RECORD.pdf,PASS
G02_REVIEW_A.pdf,d6bf623461fdc9d92d355900b0893953849e6ead00acd39b1be44914cb1f6428,1,/mnt/data/mentor_rc7/registry_current_extract/G02_SQL_POSTGRESQL_CANONICAL_GATE_FAMILY_MODULE_FREEZE_QA_PASS/G02_SQL_POSTGRESQL_CANONICAL_GATE_FAMILY_MODULE_FREEZE_QA_PASS/02_REVIEW_A_PROTECTED/G02_REVIEW_A_PROTECTED_AND_TARGETED_REPAIR.pdf,PASS
G02_REVIEW_B.pdf,450a88cf6b8e171ad8c5334d0958f4ff2844424be96c3638d6a8060c9c9da194,1,/mnt/data/mentor_rc7/registry_current_extract/G02_SQL_POSTGRESQL_CANONICAL_GATE_FAMILY_MODULE_FREEZE_QA_PASS/G02_SQL_POSTGRESQL_CANONICAL_GATE_FAMILY_MODULE_FREEZE_QA_PASS/04_REVIEW_B_PROTECTED/G02_REVIEW_B_PROTECTED_AND_TARGETED_REPAIR.pdf,PASS
G02_REVIEW_C.pdf,fa7b1f201d73bd4792e0add2866c95f5ef575b4cd9efe2df43b2557980fca9d7,1,/mnt/data/mentor_rc7/registry_current_extract/G02_SQL_POSTGRESQL_CANONICAL_GATE_FAMILY_MODULE_FREEZE_QA_PASS/G02_SQL_POSTGRESQL_CANONICAL_GATE_FAMILY_MODULE_FREEZE_QA_PASS/06_REVIEW_C_PROTECTED/G02_REVIEW_C_PROTECTED_AND_TARGETED_REPAIR.pdf,PASS
G03_A.pdf,63c70d4f8c0d46a74a52666006a3651136b6551ee842ac0ed94f45f458008494,1,/mnt/data/mentor_rc7/registry_current_extract/G03_PYTHON_LINUX_GIT_CANONICAL_GATE_FAMILY_MODULE_FREEZE_QA_PASS/G03_PYTHON_LINUX_GIT_CANONICAL_GATE_FAMILY_MODULE_FREEZE_QA_PASS/01_GATE_A/G03_GATE_A_CANONICAL_GATE_FAMILY.pdf,PASS
G03_B.pdf,4a0181216d15eb867c17791027f014d62e730979b41aa3f309db3411df6b389c,1,/mnt/data/mentor_rc7/registry_current_extract/G03_PYTHON_LINUX_GIT_CANONICAL_GATE_FAMILY_MODULE_FREEZE_QA_PASS/G03_PYTHON_LINUX_GIT_CANONICAL_GATE_FAMILY_MODULE_FREEZE_QA_PASS/03_GATE_B_SEALED/G03_GATE_B_CANONICAL_GATE_FAMILY.pdf,PASS
G03_C.pdf,964e1561d1f46980e31acffb3c8caa50e1a6f0b9b8e4b29e1c1c37c1eafea0e4,1,/mnt/data/mentor_rc7/registry_current_extract/G03_PYTHON_LINUX_GIT_CANONICAL_GATE_FAMILY_MODULE_FREEZE_QA_PASS/G03_PYTHON_LINUX_GIT_CANONICAL_GATE_FAMILY_MODULE_FREEZE_QA_PASS/05_GATE_C_SEALED/G03_GATE_C_CANONICAL_GATE_FAMILY.pdf,PASS
G03_EVIDENCE.pdf,4f3c55a88159d631e7a1086ee1e8386e334c6dc2ec5b7de5abd6fd79ce3ab084,1,/mnt/data/mentor_rc7/registry_current_extract/G03_PYTHON_LINUX_GIT_CANONICAL_GATE_FAMILY_MODULE_FREEZE_QA_PASS/G03_PYTHON_LINUX_GIT_CANONICAL_GATE_FAMILY_MODULE_FREEZE_QA_PASS/07_EVIDENCE_RECORD/G03_GATE_EVIDENCE_AND_HISTORY_RECORD.pdf,PASS
G03_REVIEW_A.pdf,61f494faf5d9941a9e12c7b659cdd98662602d854eacf95e6873196bbef60d6a,1,/mnt/data/mentor_rc7/registry_current_extract/G03_PYTHON_LINUX_GIT_CANONICAL_GATE_FAMILY_MODULE_FREEZE_QA_PASS/G03_PYTHON_LINUX_GIT_CANONICAL_GATE_FAMILY_MODULE_FREEZE_QA_PASS/02_REVIEW_A_PROTECTED/G03_REVIEW_A_PROTECTED_AND_TARGETED_REPAIR.pdf,PASS
G03_REVIEW_B.pdf,6615fd65cad8cf1abbeb4e51c183039da4460e06a4543a84378f1464f3346a6b,1,/mnt/data/mentor_rc7/registry_current_extract/G03_PYTHON_LINUX_GIT_CANONICAL_GATE_FAMILY_MODULE_FREEZE_QA_PASS/G03_PYTHON_LINUX_GIT_CANONICAL_GATE_FAMILY_MODULE_FREEZE_QA_PASS/04_REVIEW_B_PROTECTED/G03_REVIEW_B_PROTECTED_AND_TARGETED_REPAIR.pdf,PASS
G03_REVIEW_C.pdf,dcae851bef86159702bc120ef1b802e70b06c43ff6b2223a880dd56af283dbe8,1,/mnt/data/mentor_rc7/registry_current_extract/G03_PYTHON_LINUX_GIT_CANONICAL_GATE_FAMILY_MODULE_FREEZE_QA_PASS/G03_PYTHON_LINUX_GIT_CANONICAL_GATE_FAMILY_MODULE_FREEZE_QA_PASS/06_REVIEW_C_PROTECTED/G03_REVIEW_C_PROTECTED_AND_TARGETED_REPAIR.pdf,PASS
G04_A.pdf,df9a2ddf423b0261f9316be9d391231d577d2b8de3878e9139904880e1c4a174,1,/mnt/data/mentor_rc7/registry_current_extract/G04_PIPELINE_ENGINEERING_CANONICAL_GATE_FAMILY_MODULE_FREEZE_QA_PASS/G04_PIPELINE_ENGINEERING_CANONICAL_GATE_FAMILY_MODULE_FREEZE_QA_PASS/01_GATE_A/G04_GATE_A_CANONICAL_GATE_FAMILY.pdf,PASS
G04_B.pdf,c1b6c13848315009155414d6d28efa6efc16dc68d6d7e1f302b86691bb6f23f6,1,/mnt/data/mentor_rc7/registry_current_extract/G04_PIPELINE_ENGINEERING_CANONICAL_GATE_FAMILY_MODULE_FREEZE_QA_PASS/G04_PIPELINE_ENGINEERING_CANONICAL_GATE_FAMILY_MODULE_FREEZE_QA_PASS/03_GATE_B_SEALED/G04_GATE_B_CANONICAL_GATE_FAMILY.pdf,PASS
G04_C.pdf,c0c0be22e66921e436312582e0369135c2c0743761307895ba9e386f68ee0ef3,1,/mnt/data/mentor_rc7/registry_current_extract/G04_PIPELINE_ENGINEERING_CANONICAL_GATE_FAMILY_MODULE_FREEZE_QA_PASS/G04_PIPELINE_ENGINEERING_CANONICAL_GATE_FAMILY_MODULE_FREEZE_QA_PASS/05_GATE_C_SEALED/G04_GATE_C_CANONICAL_GATE_FAMILY.pdf,PASS
G04_EVIDENCE.pdf,8161c4a671ba6e255b852e5706afbc0da7b8f26b9e379734d8ff7eb6eef8c8bd,1,/mnt/data/mentor_rc7/registry_current_extract/G04_PIPELINE_ENGINEERING_CANONICAL_GATE_FAMILY_MODULE_FREEZE_QA_PASS/G04_PIPELINE_ENGINEERING_CANONICAL_GATE_FAMILY_MODULE_FREEZE_QA_PASS/07_EVIDENCE_RECORD/G04_GATE_EVIDENCE_AND_HISTORY_RECORD.pdf,PASS
G04_REVIEW_A.pdf,dd336889455fd280e3c642ce070bba8dd28de328ba1498cad6a2d956bfd9c490,1,/mnt/data/mentor_rc7/registry_current_extract/G04_PIPELINE_ENGINEERING_CANONICAL_GATE_FAMILY_MODULE_FREEZE_QA_PASS/G04_PIPELINE_ENGINEERING_CANONICAL_GATE_FAMILY_MODULE_FREEZE_QA_PASS/02_REVIEW_A_PROTECTED/G04_REVIEW_A_PROTECTED_AND_TARGETED_REPAIR.pdf,PASS
G04_REVIEW_B.pdf,6863c1c1c5319e806878c14e7c9772f82661b55769483247a124d2b73d84bce0,1,/mnt/data/mentor_rc7/registry_current_extract/G04_PIPELINE_ENGINEERING_CANONICAL_GATE_FAMILY_MODULE_FREEZE_QA_PASS/G04_PIPELINE_ENGINEERING_CANONICAL_GATE_FAMILY_MODULE_FREEZE_QA_PASS/04_REVIEW_B_PROTECTED/G04_REVIEW_B_PROTECTED_AND_TARGETED_REPAIR.pdf,PASS
G04_REVIEW_C.pdf,1484984cdfa49d742211a0c1ca5e56b9d12dc511042bf085d66c7642dca92840,1,/mnt/data/mentor_rc7/registry_current_extract/G04_PIPELINE_ENGINEERING_CANONICAL_GATE_FAMILY_MODULE_FREEZE_QA_PASS/G04_PIPELINE_ENGINEERING_CANONICAL_GATE_FAMILY_MODULE_FREEZE_QA_PASS/06_REVIEW_C_PROTECTED/G04_REVIEW_C_PROTECTED_AND_TARGETED_REPAIR.pdf,PASS
G05_A.pdf,d8bdd3bb0e3d1f721abde9f105590606507158e83d0a8b56f1b86daeedffe218,1,/mnt/data/mentor_rc7/registry_current_extract/G05_DISTRIBUTED_LAKEHOUSE_STREAMING_CANONICAL_GATE_FAMILY_MODULE_FREEZE_QA_PASS/G05_DISTRIBUTED_LAKEHOUSE_STREAMING_CANONICAL_GATE_FAMILY_MODULE_FREEZE_QA_PASS/01_GATE_A/G05_GATE_A_CANONICAL_GATE_FAMILY.pdf,PASS
G05_B.pdf,5ae76e7d3df62b7e55f31b7c1cf65b0c3c8e94c78684ad6c00414fa46d8a9bda,1,/mnt/data/mentor_rc7/registry_current_extract/G05_DISTRIBUTED_LAKEHOUSE_STREAMING_CANONICAL_GATE_FAMILY_MODULE_FREEZE_QA_PASS/G05_DISTRIBUTED_LAKEHOUSE_STREAMING_CANONICAL_GATE_FAMILY_MODULE_FREEZE_QA_PASS/03_GATE_B_SEALED/G05_GATE_B_CANONICAL_GATE_FAMILY.pdf,PASS
G05_C.pdf,19954790ae182bcf7f2c3d13d4889b0b906f4daff078924abb912948912022dc,1,/mnt/data/mentor_rc7/registry_current_extract/G05_DISTRIBUTED_LAKEHOUSE_STREAMING_CANONICAL_GATE_FAMILY_MODULE_FREEZE_QA_PASS/G05_DISTRIBUTED_LAKEHOUSE_STREAMING_CANONICAL_GATE_FAMILY_MODULE_FREEZE_QA_PASS/05_GATE_C_SEALED/G05_GATE_C_CANONICAL_GATE_FAMILY.pdf,PASS
G05_EVIDENCE.pdf,071931644318ef3f6b9f32c16a6a90737a6496658c469e57a2ffd0c482c2899d,1,/mnt/data/mentor_rc7/registry_current_extract/G05_DISTRIBUTED_LAKEHOUSE_STREAMING_CANONICAL_GATE_FAMILY_MODULE_FREEZE_QA_PASS/G05_DISTRIBUTED_LAKEHOUSE_STREAMING_CANONICAL_GATE_FAMILY_MODULE_FREEZE_QA_PASS/07_EVIDENCE_RECORD/G05_GATE_EVIDENCE_AND_HISTORY_RECORD.pdf,PASS
G05_REVIEW_A.pdf,5a0cad83b97b414b69ba47c021b4ca883d639975434ac4ab3230102272875865,1,/mnt/data/mentor_rc7/registry_current_extract/G05_DISTRIBUTED_LAKEHOUSE_STREAMING_CANONICAL_GATE_FAMILY_MODULE_FREEZE_QA_PASS/G05_DISTRIBUTED_LAKEHOUSE_STREAMING_CANONICAL_GATE_FAMILY_MODULE_FREEZE_QA_PASS/02_REVIEW_A_PROTECTED/G05_REVIEW_A_PROTECTED_AND_TARGETED_REPAIR.pdf,PASS
G05_REVIEW_B.pdf,ebb91f81901afc9ed197064cd32945fb6aedfd9aa15216395a7ad316ee94e3c8,1,/mnt/data/mentor_rc7/registry_current_extract/G05_DISTRIBUTED_LAKEHOUSE_STREAMING_CANONICAL_GATE_FAMILY_MODULE_FREEZE_QA_PASS/G05_DISTRIBUTED_LAKEHOUSE_STREAMING_CANONICAL_GATE_FAMILY_MODULE_FREEZE_QA_PASS/04_REVIEW_B_PROTECTED/G05_REVIEW_B_PROTECTED_AND_TARGETED_REPAIR.pdf,PASS
G05_REVIEW_C.pdf,f06e22b3e4019d96bd3524818c035ee778944e40f50fd22305bd7290179fa83a,1,/mnt/data/mentor_rc7/registry_current_extract/G05_DISTRIBUTED_LAKEHOUSE_STREAMING_CANONICAL_GATE_FAMILY_MODULE_FREEZE_QA_PASS/G05_DISTRIBUTED_LAKEHOUSE_STREAMING_CANONICAL_GATE_FAMILY_MODULE_FREEZE_QA_PASS/06_REVIEW_C_PROTECTED/G05_REVIEW_C_PROTECTED_AND_TARGETED_REPAIR.pdf,PASS
G06_A.pdf,cd04664c2beae939f43c89a584deefbe0ee003c768f7e2f7b54fc98fed0934f1,1,/mnt/data/mentor_rc7/registry_current_extract/G06_CLOUD_PRODUCTION_ENGINEERING_CANONICAL_GATE_FAMILY_MODULE_FREEZE_QA_PASS/G06_CLOUD_PRODUCTION_ENGINEERING_CANONICAL_GATE_FAMILY_MODULE_FREEZE_QA_PASS/01_GATE_A/G06_GATE_A.pdf,PASS
G06_B.pdf,ce90f7729373ea334704c3b7a9e986bc74e34f5196a8e2a2e944d791313aca68,1,/mnt/data/mentor_rc7/registry_current_extract/G06_CLOUD_PRODUCTION_ENGINEERING_CANONICAL_GATE_FAMILY_MODULE_FREEZE_QA_PASS/G06_CLOUD_PRODUCTION_ENGINEERING_CANONICAL_GATE_FAMILY_MODULE_FREEZE_QA_PASS/03_GATE_B_SEALED/G06_GATE_B.pdf,PASS
G06_C.pdf,7b67a21fc64bd80bdee854a6edd5980dcdde3fad6976570beade30de38da878e,1,/mnt/data/mentor_rc7/registry_current_extract/G06_CLOUD_PRODUCTION_ENGINEERING_CANONICAL_GATE_FAMILY_MODULE_FREEZE_QA_PASS/G06_CLOUD_PRODUCTION_ENGINEERING_CANONICAL_GATE_FAMILY_MODULE_FREEZE_QA_PASS/05_GATE_C_SEALED/G06_GATE_C.pdf,PASS
G06_EVIDENCE.pdf,48aa3837e025d6b650f7daf966d9d11841d6e215340e992c6ac77d43677d0108,1,/mnt/data/mentor_rc7/registry_current_extract/G06_CLOUD_PRODUCTION_ENGINEERING_CANONICAL_GATE_FAMILY_MODULE_FREEZE_QA_PASS/G06_CLOUD_PRODUCTION_ENGINEERING_CANONICAL_GATE_FAMILY_MODULE_FREEZE_QA_PASS/07_EVIDENCE_RECORD/G06_EVIDENCE_RECORD.pdf,PASS
G06_REVIEW_A.pdf,029c454223b2b83a73ba09f3372816eb8b1d7098798856c98355bbcf89fdfd29,1,/mnt/data/mentor_rc7/registry_current_extract/G06_CLOUD_PRODUCTION_ENGINEERING_CANONICAL_GATE_FAMILY_MODULE_FREEZE_QA_PASS/G06_CLOUD_PRODUCTION_ENGINEERING_CANONICAL_GATE_FAMILY_MODULE_FREEZE_QA_PASS/02_REVIEW_A_PROTECTED/G06_REVIEW_A_PROTECTED.pdf,PASS
G06_REVIEW_B.pdf,2c6deab0a159d34cdbe3b5f9b46f7064080846049b7b0bca5ee2fbc873188c3c,1,/mnt/data/mentor_rc7/registry_current_extract/G06_CLOUD_PRODUCTION_ENGINEERING_CANONICAL_GATE_FAMILY_MODULE_FREEZE_QA_PASS/G06_CLOUD_PRODUCTION_ENGINEERING_CANONICAL_GATE_FAMILY_MODULE_FREEZE_QA_PASS/04_REVIEW_B_PROTECTED/G06_REVIEW_B_PROTECTED.pdf,PASS
G06_REVIEW_C.pdf,c42f72da61a0ce7ecdc60f72a5449bef9170ca34a123fba9e6259cff121d6bd6,1,/mnt/data/mentor_rc7/registry_current_extract/G06_CLOUD_PRODUCTION_ENGINEERING_CANONICAL_GATE_FAMILY_MODULE_FREEZE_QA_PASS/G06_CLOUD_PRODUCTION_ENGINEERING_CANONICAL_GATE_FAMILY_MODULE_FREEZE_QA_PASS/06_REVIEW_C_PROTECTED/G06_REVIEW_C_PROTECTED.pdf,PASS
G07_A.pdf,ecbb55dff9ff4731e522641ad8d02102d9097727aece23c0e1796559b2df808d,1,/mnt/data/mentor_rc7/registry_current_extract/G07_FINAL_JOB_READY_PRACTICAL_CANONICAL_GATE_FAMILY_MODULE_FREEZE_QA_PASS/01_GATE_A/G07_GATE_A.pdf,PASS
G07_B.pdf,057a54d19a3c7f82f99af300a150bf283194049e4713609e2e7a04706bd1feb4,1,/mnt/data/mentor_rc7/registry_current_extract/G07_FINAL_JOB_READY_PRACTICAL_CANONICAL_GATE_FAMILY_MODULE_FREEZE_QA_PASS/03_GATE_B_SEALED/G07_GATE_B.pdf,PASS
G07_C.pdf,a337bbe8f9ce23d3d5824d545f0136ad2f49b896eb0ba9287f5ee9d172074973,1,/mnt/data/mentor_rc7/registry_current_extract/G07_FINAL_JOB_READY_PRACTICAL_CANONICAL_GATE_FAMILY_MODULE_FREEZE_QA_PASS/05_GATE_C_SEALED/G07_GATE_C.pdf,PASS
G07_EVIDENCE.pdf,114d54729f4585c412ce76f0319312cb52bd16ac365d0d066c4fdcffeab28331,1,/mnt/data/mentor_rc7/registry_current_extract/G07_FINAL_JOB_READY_PRACTICAL_CANONICAL_GATE_FAMILY_MODULE_FREEZE_QA_PASS/07_EVIDENCE_RECORD/G07_EVIDENCE_RECORD.pdf,PASS
G07_REVIEW_A.pdf,b48ca9bcb2dd5a5f01c40187e945ef998b490581a8ea26a4712d65a000fa4b19,1,/mnt/data/mentor_rc7/registry_current_extract/G07_FINAL_JOB_READY_PRACTICAL_CANONICAL_GATE_FAMILY_MODULE_FREEZE_QA_PASS/02_REVIEW_A_PROTECTED/G07_REVIEW_A_PROTECTED.pdf,PASS
G07_REVIEW_B.pdf,ad0ff76c7f5180115662e5bfa9606f8ef3649a651417af8496c93855ec6d6775,1,/mnt/data/mentor_rc7/registry_current_extract/G07_FINAL_JOB_READY_PRACTICAL_CANONICAL_GATE_FAMILY_MODULE_FREEZE_QA_PASS/04_REVIEW_B_PROTECTED/G07_REVIEW_B_PROTECTED.pdf,PASS
G07_REVIEW_C.pdf,a30479ff542894bc556e2c4fffcbe054bf917018f1fc9fb30cb4a1f35195af6c,1,/mnt/data/mentor_rc7/registry_current_extract/G07_FINAL_JOB_READY_PRACTICAL_CANONICAL_GATE_FAMILY_MODULE_FREEZE_QA_PASS/06_REVIEW_C_PROTECTED/G07_REVIEW_C_PROTECTED.pdf,PASS
M00_LEARNER_BOOK.pdf,72dc51e17c07c6a4d9cbb20165e00161bf0cd6c856fa68b70bb925201557d128,1,/mnt/data/mentor_rc7/registry_current_extract/M00_COMPUTER_SETUP_CANONICAL_MODULE_FREEZE_QA_PASS/M00_COMPUTER_SETUP_CANONICAL_MODULE_FREEZE_QA_PASS/01_LESSONS/M00_LEARNER_BOOK_CANONICAL_REBUILD.pdf,PASS
M00_REVIEW_CHECK.pdf,d834b99d7cd1a99ae3eb9e26d962bf97b08a6b6946499ca957d359d263f759b4,1,/mnt/data/mentor_rc7/registry_current_extract/M00_COMPUTER_SETUP_CANONICAL_MODULE_FREEZE_QA_PASS/M00_COMPUTER_SETUP_CANONICAL_MODULE_FREEZE_QA_PASS/06_REVIEW_AND_REPAIR/M00_REPAIR_PACK_PROTECTED_CANONICAL_REBUILD.pdf,PASS
M01_LEARNER_BOOK.pdf,1377a0efff54c4e5f03d728b079d57a8664c678e7956cfc9e60e350de7af686b,1,/mnt/data/mentor_rc7/registry_current_extract/M01_DATA_FOUNDATIONS_ESSENTIAL_EXCEL_CANONICAL_MODULE_FREEZE_QA_PASS/M01_DATA_FOUNDATIONS_ESSENTIAL_EXCEL_CANONICAL_MODULE_FREEZE_QA_PASS/01_LESSONS/M01_LEARNER_BOOK_CANONICAL_REBUILD.pdf,PASS
M01_REVIEW_CHECK.pdf,7cc95999cfc6ae25062e90799089a3645235d956eb255c4b842041bef0ed3ecd,1,/mnt/data/mentor_rc7/registry_current_extract/M01_DATA_FOUNDATIONS_ESSENTIAL_EXCEL_CANONICAL_MODULE_FREEZE_QA_PASS/M01_DATA_FOUNDATIONS_ESSENTIAL_EXCEL_CANONICAL_MODULE_FREEZE_QA_PASS/06_REVIEW_AND_REPAIR/M01_REPAIR_PACK_PROTECTED_CANONICAL_REBUILD.pdf,PASS
M02_LEARNER_BOOK.pdf,a9b75c9198dc63201c93531636122f1bd3c54ef2116ad3a9f0a575f6751c28db,1,/mnt/data/mentor_rc7/registry_current_extract/M02_SQL_FOUNDATIONS_CANONICAL_MODULE_FREEZE_QA_PASS/M02_SQL_FOUNDATIONS_CANONICAL_MODULE_FREEZE_QA_PASS/01_LESSONS/M02_SQL_FOUNDATIONS_CANONICAL_LESSON_BOOK_INTERNAL_QA.pdf,PASS
M02_REVIEW_CHECK.pdf,43a20c1a6c34dbf73b522ee4f62d55e4147d984037cdaea16316bcc8b7b35014,1,/mnt/data/mentor_rc7/registry_current_extract/M02_SQL_FOUNDATIONS_CANONICAL_MODULE_FREEZE_QA_PASS/M02_SQL_FOUNDATIONS_CANONICAL_MODULE_FREEZE_QA_PASS/06_REVIEW_AND_REPAIR/M02_PROTECTED_REVIEW_REPAIR_INTERNAL_QA.pdf,PASS
M03_LEARNER_BOOK.pdf,13f8da87e2d426ffedc9b07b70b746aa77e0f7d6059f3e7778dc178d008af5c8,1,/mnt/data/mentor_rc7/registry_current_extract/M03_ADVANCED_SQL_POSTGRESQL_DATABASE_THINKING_CANONICAL_MODULE_FREEZE_QA_PASS/M03_ADVANCED_SQL_POSTGRESQL_DATABASE_THINKING_CANONICAL_MODULE_FREEZE_QA_PASS/01_LESSONS/M03_CANONICAL_LESSON_BOOK_INTERNAL_QA.pdf,PASS
M03_REVIEW_CHECK.pdf,b66c1cc0461fd4e28e4846fd2d9d828de8a2d1f48ffb9670643f01500b753c52,1,/mnt/data/mentor_rc7/registry_current_extract/M03_ADVANCED_SQL_POSTGRESQL_DATABASE_THINKING_CANONICAL_MODULE_FREEZE_QA_PASS/M03_ADVANCED_SQL_POSTGRESQL_DATABASE_THINKING_CANONICAL_MODULE_FREEZE_QA_PASS/06_REVIEW_AND_REPAIR/M03_PROTECTED_REVIEW_AND_REPAIR_INTERNAL_QA.pdf,PASS
M04_LEARNER_BOOK.pdf,08dbf4ac19f7aecd3e93dcb8aa23d76f52b2862734c0f1cfcb2d854ed4ba2528,1,/mnt/data/mentor_rc7/registry_current_extract/M04_PYTHON_FOUNDATIONS_CANONICAL_MODULE_FREEZE_QA_PASS/M04_PYTHON_FOUNDATIONS_CANONICAL_MODULE_FREEZE_QA_PASS/01_TEACHING_BOOK/M04_TEACHING_BOOK_CANONICAL_FREEZE.pdf,PASS
M04_REVIEW_CHECK.pdf,ce5980de195f8fd6d86136311e175f04365d3bd17dba3b9ad82e1fe991b95e15,1,/mnt/data/mentor_rc7/registry_current_extract/M04_PYTHON_FOUNDATIONS_CANONICAL_MODULE_FREEZE_QA_PASS/M04_PYTHON_FOUNDATIONS_CANONICAL_MODULE_FREEZE_QA_PASS/06_REVIEW_AND_REPAIR_PROTECTED/M04_REVIEW_REPAIR_PROTECTED_CANONICAL_FREEZE.pdf,PASS
M05_LEARNER_BOOK.pdf,c5dba8f5b1791e2a3674c20c72aaf8e774e284a8985a522969c2e94eed8fe2c7,1,/mnt/data/mentor_rc7/registry_current_extract/M05_PYTHON_FOR_DE_CANONICAL_MODULE_FREEZE_QA_PASS/M05_PYTHON_FOR_DE_CANONICAL_MODULE_FREEZE_QA_PASS/01_TEACHING_BOOK/M05_TEACHING_BOOK.pdf,PASS
M05_REVIEW_CHECK.pdf,b9c4303ea38db872c1a83bc280b5f59a05760a73eb7d2579e9bd59c79a17301c,1,/mnt/data/mentor_rc7/registry_current_extract/M05_PYTHON_FOR_DE_CANONICAL_MODULE_FREEZE_QA_PASS/M05_PYTHON_FOR_DE_CANONICAL_MODULE_FREEZE_QA_PASS/06_REVIEW_AND_REPAIR_PROTECTED/M05_REVIEW_AND_REPAIR_PROTECTED.pdf,PASS
M06_LEARNER_BOOK.pdf,f3cd0a403fbfcf8b4208daae6edb238772622cd78fd96b7ce2c918bb3d7253a4,1,/mnt/data/mentor_rc7/registry_current_extract/M06_GIT_GITHUB_LINUX_WSL_CANONICAL_MODULE_FREEZE_QA_PASS/M06_GIT_GITHUB_LINUX_WSL_CANONICAL_MODULE_FREEZE_QA_PASS/01_LESSONS/M06_TEACHING_BOOK_CANONICAL_FREEZE.pdf,PASS
M06_REVIEW_CHECK.pdf,7dc8fd14a2557d9c4461e9d967a08683b78d692aa206f38518d284f7597f50e2,1,/mnt/data/mentor_rc7/registry_current_extract/M06_GIT_GITHUB_LINUX_WSL_CANONICAL_MODULE_FREEZE_QA_PASS/M06_GIT_GITHUB_LINUX_WSL_CANONICAL_MODULE_FREEZE_QA_PASS/06_REVIEW_AND_REPAIR/M06_REVIEW_REPAIR_PROTECTED_CANONICAL_FREEZE.pdf,PASS
M07_LEARNER_BOOK.pdf,aec542b662dd8dc9cdd86eff1d84359cd7c60aa00fa7dfaef4e1b333046bad69,1,/mnt/data/mentor_rc7/registry_current_extract/M07_POSTGRESQL_DATA_MODELING_CANONICAL_MODULE_FREEZE_QA_PASS/01_LESSONS/M07_TEACHING_BOOK_CANONICAL_FREEZE.pdf,PASS
M07_REVIEW_CHECK.pdf,8d8d3e586335587f969a21cc1c5c641b8ab325b12cf2d95f49b53ea99b102a3a,1,/mnt/data/mentor_rc7/registry_current_extract/M07_POSTGRESQL_DATA_MODELING_CANONICAL_MODULE_FREEZE_QA_PASS/06_REVIEW_AND_REPAIR/M07_REVIEW_REPAIR_PROTECTED_CANONICAL_FREEZE.pdf,PASS
M08_LEARNER_BOOK.pdf,e803be6066dc54c4a4685f6aa8e24358681ac00c4beb29529ccfb5ee11469162,1,/mnt/data/mentor_rc7/registry_current_extract/M08_FILES_APIS_DATA_INGESTION_CANONICAL_MODULE_FREEZE_QA_PASS/01_LESSONS/M08_TEACHING_BOOK_CANONICAL_FREEZE.pdf,PASS
M08_REVIEW_CHECK.pdf,d4a414488ed3bb3e4309d01fb7d25614796569ba60cdb5d6a2f4a688b2016781,1,/mnt/data/mentor_rc7/registry_current_extract/M08_FILES_APIS_DATA_INGESTION_CANONICAL_MODULE_FREEZE_QA_PASS/06_REVIEW_AND_REPAIR/M08_REVIEW_REPAIR_PROTECTED_CANONICAL_FREEZE.pdf,PASS
M09_LEARNER_BOOK.pdf,3ad2e78e7c9b0e0cc205964468f609ee5150780339cb5d5407944560d1d7598d,1,/mnt/data/mentor_rc7/registry_current_extract/M09_ETL_ELT_DATA_QUALITY_TRANSFORMATION_ENGINEERING_CANONICAL_MODULE_FREEZE_QA_PASS/01_LESSONS/M09_TEACHING_BOOK_CANONICAL_FREEZE.pdf,PASS
M09_REVIEW_CHECK.pdf,c734e73ce62d0e75952072b6ef750d028fd03ce8dba5afabf8473432a8b55d10,1,/mnt/data/mentor_rc7/registry_current_extract/M09_ETL_ELT_DATA_QUALITY_TRANSFORMATION_ENGINEERING_CANONICAL_MODULE_FREEZE_QA_PASS/06_REVIEW_AND_REPAIR/M09_REVIEW_REPAIR_PROTECTED_CANONICAL_FREEZE.pdf,PASS
M10_LEARNER_BOOK.pdf,f154574df02176877ba9a21bd5c9a11815b69a5623b8525678c66dab519bd81d,1,/mnt/data/mentor_rc7/registry_current_extract/M10_DOCKER_AIRFLOW_CANONICAL_MODULE_FREEZE_QA_PASS/01_LESSONS/M10_TEACHING_BOOK_CANONICAL_FREEZE.pdf,PASS
M10_REVIEW_CHECK.pdf,0a411aecc2c355837a758a0f3c3d575df78a9fd49ad535a44235c10279d944df,1,/mnt/data/mentor_rc7/registry_current_extract/M10_DOCKER_AIRFLOW_CANONICAL_MODULE_FREEZE_QA_PASS/06_REVIEW_AND_REPAIR/M10_REVIEW_REPAIR_PROTECTED_CANONICAL_FREEZE.pdf,PASS
M11_LEARNER_BOOK.pdf,fb53755d4824a78b19421e2250c62404fecdf2deb67272f3d6090c18e45970f6,1,/mnt/data/mentor_rc7/registry_current_extract/M11_STORAGE_FILE_FORMATS_FOUNDATIONS_CANONICAL_MODULE_FREEZE_QA_PASS/M11_STORAGE_FILE_FORMATS_FOUNDATIONS_CANONICAL_MODULE_FREEZE_QA_PASS/01_LESSONS/M11_TEACHING_BOOK.pdf,PASS
M11_REVIEW_CHECK.pdf,6c5f5c6c8c20bff82c2beb638e3999205e81cedd124575b72ca5911d3f07e2ca,1,/mnt/data/mentor_rc7/registry_current_extract/M11_STORAGE_FILE_FORMATS_FOUNDATIONS_CANONICAL_MODULE_FREEZE_QA_PASS/M11_STORAGE_FILE_FORMATS_FOUNDATIONS_CANONICAL_MODULE_FREEZE_QA_PASS/06_REVIEW_AND_REPAIR/M11_REVIEW_AND_REPAIR_PROTECTED.pdf,PASS
M12_LEARNER_BOOK.pdf,9039dfbe5e76d1769e5811911f08e68bbd399f7a920be76842d495bf15a3495d,1,/mnt/data/mentor_rc7/registry_current_extract/M12_DISTRIBUTED_PROCESSING_SPARK_PYSPARK_CANONICAL_MODULE_FREEZE_QA_PASS/M12_DISTRIBUTED_PROCESSING_SPARK_PYSPARK_CANONICAL_MODULE_FREEZE_QA_PASS/01_LESSONS/M12_TEACHING_BOOK.pdf,PASS
M12_REVIEW_CHECK.pdf,c50d4389ed5d6745b0857f07de72b2c1871f755faaaba825cd6503c645da4031,1,/mnt/data/mentor_rc7/registry_current_extract/M12_DISTRIBUTED_PROCESSING_SPARK_PYSPARK_CANONICAL_MODULE_FREEZE_QA_PASS/M12_DISTRIBUTED_PROCESSING_SPARK_PYSPARK_CANONICAL_MODULE_FREEZE_QA_PASS/06_REVIEW_AND_REPAIR/M12_REVIEW_AND_REPAIR_PROTECTED.pdf,PASS
M13_LEARNER_BOOK.pdf,60f5713185f04f496f9caf2653a52f3ff15c66b9088e52e45c1bdf2ad5fefd1c,1,/mnt/data/mentor_rc7/registry_current_extract/M13_DELTA_LAKEHOUSE_CANONICAL_MODULE_FREEZE_QA_PASS/01_LESSONS/M13_TEACHING_BOOK.pdf,PASS
M13_REVIEW_CHECK.pdf,c1674b6bc5d3efbad2deac9d42d1e1275cc8d3af0fb9d2f0fee57b1cf4a1c4b7,1,/mnt/data/mentor_rc7/registry_current_extract/M13_DELTA_LAKEHOUSE_CANONICAL_MODULE_FREEZE_QA_PASS/06_REVIEW_AND_REPAIR/M13_REVIEW_REPAIR_PROTECTED.pdf,PASS
M14_LEARNER_BOOK.pdf,5102b69b5d5f4a0fe59a780567b65e3665a0fcc2911ddaa0148357dd844c76f5,1,/mnt/data/mentor_rc7/registry_current_extract/M14_KAFKA_STREAMING_FOUNDATIONS_CANONICAL_MODULE_FREEZE_QA_PASS/01_LESSONS/M14_TEACHING_BOOK.pdf,PASS
M14_REVIEW_CHECK.pdf,24225f3430b8166d307b8ee363040f5fc5b25f5ec2303cea15499e4174129ca1,1,/mnt/data/mentor_rc7/registry_current_extract/M14_KAFKA_STREAMING_FOUNDATIONS_CANONICAL_MODULE_FREEZE_QA_PASS/06_REVIEW_AND_REPAIR/M14_REVIEW_REPAIR_PROTECTED.pdf,PASS
M15_LEARNER_BOOK.pdf,3861817f95ea8c1e50f41d64d95b30a08665dfa123d6da8c3c6c2cbf548b12a1,1,/mnt/data/mentor_rc7/registry_current_extract/M15_AZURE_MICROSOFT_FABRIC_DATA_ENGINEERING_CANONICAL_MODULE_FREEZE_QA_PASS/01_LESSONS/M15_TEACHING_BOOK.pdf,PASS
M15_REVIEW_CHECK.pdf,45932a8074cab349172c1d78d5f9e2dbc22d3d50b73895b951ab3494859e38d7,1,/mnt/data/mentor_rc7/registry_current_extract/M15_AZURE_MICROSOFT_FABRIC_DATA_ENGINEERING_CANONICAL_MODULE_FREEZE_QA_PASS/06_REVIEW_AND_REPAIR/M15_REVIEW_REPAIR_PROTECTED.pdf,PASS
M16_LEARNER_BOOK.pdf,5a9c3e3bbb686fafa8618dc3fa889db7c1037b7db0f5f5b62344968d8962fd6f,1,/mnt/data/mentor_rc7/registry_current_extract/M16_DATAOPS_CICD_SECURITY_OBSERVABILITY_CANONICAL_MODULE_FREEZE_QA_PASS/M16_DATAOPS_CICD_SECURITY_OBSERVABILITY_CANONICAL/01_TEACHING_BOOK/M16_TEACHING_BOOK.pdf,PASS
M16_REVIEW_CHECK.pdf,bebb61709cb2b606485e6dcc2fef777113368b8f7e7e3d3e15c694abef0c5c41,1,/mnt/data/mentor_rc7/registry_current_extract/M16_DATAOPS_CICD_SECURITY_OBSERVABILITY_CANONICAL_MODULE_FREEZE_QA_PASS/M16_DATAOPS_CICD_SECURITY_OBSERVABILITY_CANONICAL/06_REVIEW_AND_REPAIR/M16_REVIEW_AFTER_ATTEMPT.pdf,PASS
M17_LEARNER_BOOK.pdf,9c51328b064719ed4b956653e68a5bd3a9a636b961b0a9e86527b2c2a9a83a41,1,/mnt/data/mentor_rc7/registry_current_extract/M17_DATA_ENGINEERING_ARCHITECTURE_SYSTEM_DESIGN_CANONICAL_MODULE_FREEZE_QA_PASS/M17_DATA_ENGINEERING_ARCHITECTURE_SYSTEM_DESIGN_CANONICAL/01_TEACHING_BOOK/M17_TEACHING_BOOK.pdf,PASS
M17_REVIEW_CHECK.pdf,7d185ddad38049f2c68e3b9d1e2c567ff13530ca5387d3c382f008e3a929a6fd,1,/mnt/data/mentor_rc7/registry_current_extract/M17_DATA_ENGINEERING_ARCHITECTURE_SYSTEM_DESIGN_CANONICAL_MODULE_FREEZE_QA_PASS/M17_DATA_ENGINEERING_ARCHITECTURE_SYSTEM_DESIGN_CANONICAL/06_REVIEW_AND_REPAIR/M17_REVIEW_AFTER_ATTEMPT.pdf,PASS
M18_CAPSTONE_BUILD_BOOK.pdf,dcb18d4982a6049b15d5a059e3cd538bcad35f6cc6fd07f211ee1e1b66610491,1,/mnt/data/mentor_rc7/registry_current_extract/M18_PORTFOLIO_PROJECTS_PRODUCTION_CAPSTONE_CANONICAL_MODULE_FREEZE_QA_PASS/M18_PORTFOLIO_PROJECTS_PRODUCTION_CAPSTONE_CANONICAL/02_PROJECT_BOOKS/CAP_PROJECT_BOOK.pdf,PASS
M18_CAPSTONE_RUBRIC.pdf,4c7b30f1c92bbe3f7ee4916843e7bda9803f493de80a9c3074d492488db097bc,1,/mnt/data/mentor_rc7/registry_current_extract/M18_PORTFOLIO_PROJECTS_PRODUCTION_CAPSTONE_CANONICAL_MODULE_FREEZE_QA_PASS/M18_PORTFOLIO_PROJECTS_PRODUCTION_CAPSTONE_CANONICAL/05_PROTECTED_REVIEW_AND_RUBRICS/CAP_PROTECTED_PHASE_REVIEW.pdf,PASS
M18_COMPLETION_RECORD.pdf,b0291fe6d554896e49dcb1870056a24daf8834e62eb3a362e53d04d9ec2d8ff7,1,/mnt/data/mentor_rc7/registry_current_extract/M18_PORTFOLIO_PROJECTS_PRODUCTION_CAPSTONE_CANONICAL_MODULE_FREEZE_QA_PASS/M18_PORTFOLIO_PROJECTS_PRODUCTION_CAPSTONE_CANONICAL/08_COMPLETION_RECORD/COMPLETION_RECORD.pdf,PASS
M18_P1_PROJECT_BOOK.pdf,a5266048728e9be3462e39690042b8e292786cb818208f80f584452ccf150a08,1,/mnt/data/mentor_rc7/registry_current_extract/M18_PORTFOLIO_PROJECTS_PRODUCTION_CAPSTONE_CANONICAL_MODULE_FREEZE_QA_PASS/M18_PORTFOLIO_PROJECTS_PRODUCTION_CAPSTONE_CANONICAL/02_PROJECT_BOOKS/P01_PROJECT_BOOK.pdf,PASS
M18_P1_RUBRIC.pdf,e257ef8adde2d88c6b7e29af1dc403b633883c2815a1787436fcd96964565d92,1,/mnt/data/mentor_rc7/registry_current_extract/M18_PORTFOLIO_PROJECTS_PRODUCTION_CAPSTONE_CANONICAL_MODULE_FREEZE_QA_PASS/M18_PORTFOLIO_PROJECTS_PRODUCTION_CAPSTONE_CANONICAL/05_PROTECTED_REVIEW_AND_RUBRICS/P01_PROTECTED_PHASE_REVIEW.pdf,PASS
M18_P2_PROJECT_BOOK.pdf,1efc5242a8aa31f4817ca46c7161b4ba2b6faa4c83646a627ba207c6ff6027db,1,/mnt/data/mentor_rc7/registry_current_extract/M18_PORTFOLIO_PROJECTS_PRODUCTION_CAPSTONE_CANONICAL_MODULE_FREEZE_QA_PASS/M18_PORTFOLIO_PROJECTS_PRODUCTION_CAPSTONE_CANONICAL/02_PROJECT_BOOKS/P02_PROJECT_BOOK.pdf,PASS
M18_P2_RUBRIC.pdf,9f5f3cc2bfa0e51b40a31d98e2a66e43b74463c49ce4726bcf5cb1eb6da3b346,1,/mnt/data/mentor_rc7/registry_current_extract/M18_PORTFOLIO_PROJECTS_PRODUCTION_CAPSTONE_CANONICAL_MODULE_FREEZE_QA_PASS/M18_PORTFOLIO_PROJECTS_PRODUCTION_CAPSTONE_CANONICAL/05_PROTECTED_REVIEW_AND_RUBRICS/P02_PROTECTED_PHASE_REVIEW.pdf,PASS
M18_P3_PROJECT_BOOK.pdf,7a656218b3afb0ded2dd58862d47b6f69c37a79c93264b5c93df042e73535f54,1,/mnt/data/mentor_rc7/registry_current_extract/M18_PORTFOLIO_PROJECTS_PRODUCTION_CAPSTONE_CANONICAL_MODULE_FREEZE_QA_PASS/M18_PORTFOLIO_PROJECTS_PRODUCTION_CAPSTONE_CANONICAL/02_PROJECT_BOOKS/P03_PROJECT_BOOK.pdf,PASS
M18_P3_RUBRIC.pdf,a8b80d042cd5481da94b78ae0165e58a5b7b6dcea7f665396dbb2343fcd0dcf1,1,/mnt/data/mentor_rc7/registry_current_extract/M18_PORTFOLIO_PROJECTS_PRODUCTION_CAPSTONE_CANONICAL_MODULE_FREEZE_QA_PASS/M18_PORTFOLIO_PROJECTS_PRODUCTION_CAPSTONE_CANONICAL/05_PROTECTED_REVIEW_AND_RUBRICS/P03_PROTECTED_PHASE_REVIEW.pdf,PASS
M18_PORTFOLIO_PUBLICATION_DEFENSE.pdf,b291516c6458789bb3ae0d54c8a1838aeebc428124f3d2864473bdae61245cf1,1,/mnt/data/mentor_rc7/registry_current_extract/M18_PORTFOLIO_PROJECTS_PRODUCTION_CAPSTONE_CANONICAL_MODULE_FREEZE_QA_PASS/M18_PORTFOLIO_PROJECTS_PRODUCTION_CAPSTONE_CANONICAL/06_PORTFOLIO_PUBLICATION_DEFENSE/PORTFOLIO_PUBLICATION_AND_DEFENSE.pdf,PASS
M18_PROJECT_EVIDENCE_WORKBOOK.pdf,2d95cf966477dc0604a511013cd13ace17ff9b9ae43e2d61482a5d325b2da104,1,/mnt/data/mentor_rc7/registry_current_extract/M18_PORTFOLIO_PROJECTS_PRODUCTION_CAPSTONE_CANONICAL_MODULE_FREEZE_QA_PASS/M18_PORTFOLIO_PROJECTS_PRODUCTION_CAPSTONE_CANONICAL/04_PHASE_EVIDENCE/PROJECT_EVIDENCE_WORKBOOK.pdf,PASS
M18_PROJECT_HANDBOOK.pdf,87ad1d27babc6a82a66f87c6b1e81b8b47a7f317ac23dcb75d36263dc64eadb7,1,/mnt/data/mentor_rc7/registry_current_extract/M18_PORTFOLIO_PROJECTS_PRODUCTION_CAPSTONE_CANONICAL_MODULE_FREEZE_QA_PASS/M18_PORTFOLIO_PROJECTS_PRODUCTION_CAPSTONE_CANONICAL/01_PROJECT_HANDBOOK/01_PROJECT_HANDBOOK.pdf,PASS
M18_QUICK_REFERENCE.pdf,a216766bf3d31c2e3042c85590a4566a3fcd8f688b79a6eb6fd93339bdd38e53,1,/mnt/data/mentor_rc7/registry_current_extract/M18_PORTFOLIO_PROJECTS_PRODUCTION_CAPSTONE_CANONICAL_MODULE_FREEZE_QA_PASS/M18_PORTFOLIO_PROJECTS_PRODUCTION_CAPSTONE_CANONICAL/07_QUICK_REFERENCE/QUICK_REFERENCE.pdf,PASS
M19_LEARNER_BOOK.pdf,39daf0c9ac48bb7e94411b0b019c836df96e4539494c733ae70816a8b22b8caa,1,/mnt/data/mentor_rc7/registry_current_extract/M19_INTERVIEW_TECHNICAL_ENGLISH_JOB_LAUNCH_CANONICAL_MODULE_FREEZE_QA_PASS/01_LEARNER/01_TEACHING_BOOK_M19.pdf,PASS
M19_REVIEW_CHECK.pdf,12a3f1d016be1fbdafc9aab517e829c1f50a4326323e434fc08e01582e33390c,1,/mnt/data/mentor_rc7/registry_current_extract/M19_INTERVIEW_TECHNICAL_ENGLISH_JOB_LAUNCH_CANONICAL_MODULE_FREEZE_QA_PASS/05_PROTECTED_REVIEW/REVIEW_AFTER_ATTEMPT_M19.pdf,PASS
